{"cameraMode":{"drawMode":0,"name":"Shaded","section":"Shading Mode"},"sceneLighting":true,"audioPlay":false,"sceneViewState":{"showFog":true,"showMaterialUpdate":false,"showSkybox":true,"showFlares":true,"showImageEffects":true,"showParticleSystems":true},"in2DMode":false,"pivot":{"x":-6.631412506103516,"y":-8.74795913696289,"z":18.217754364013673},"rotation":{"x":0.26339709758758547,"y":0.3098805248737335,"z":-0.08977881819009781,"w":0.9091401696205139},"size":96.74223327636719,"orthographic":false}