{"cameraMode":{"drawMode":0,"name":"Shaded","section":"Shading Mode"},"sceneLighting":true,"audioPlay":false,"sceneViewState":{"showFog":true,"showMaterialUpdate":false,"showSkybox":true,"showFlares":true,"showImageEffects":true,"showParticleSystems":true},"in2DMode":false,"pivot":{"x":-54.02734375,"y":1.4921875,"z":-4.4954833984375},"rotation":{"x":0.7242796421051025,"y":-0.0031027402728796007,"z":0.0032592755742371084,"w":0.6894916892051697},"size":19.391672134399415,"orthographic":true}