{"cameraMode":{"drawMode":0,"name":"Shaded","section":"Shading Mode"},"sceneLighting":true,"audioPlay":false,"sceneViewState":{"showFog":true,"showMaterialUpdate":false,"showSkybox":true,"showFlares":true,"showImageEffects":true,"showParticleSystems":true},"in2DMode":false,"pivot":{"x":-63.347084045410159,"y":2.416717052459717,"z":-6.88236141204834},"rotation":{"x":0.11127900332212448,"y":0.49063679575920107,"z":-0.06334556639194489,"w":0.8619048595428467},"size":2.9961628913879396,"orthographic":false}