{"cameraMode":{"drawMode":0,"name":"Shaded","section":"Shading Mode"},"sceneLighting":true,"audioPlay":false,"sceneViewState":{"showFog":true,"showMaterialUpdate":false,"showSkybox":true,"showFlares":true,"showImageEffects":true,"showParticleSystems":true},"in2DMode":false,"pivot":{"x":-1.46875,"y":13.258865356445313,"z":4.02209997177124},"rotation":{"x":0.21165993809700013,"y":-0.6635637879371643,"z":0.20417439937591554,"w":0.687892496585846},"size":87.4053726196289,"orthographic":true}