{"cameraMode":{"drawMode":0,"name":"Shaded","section":"Shading Mode"},"sceneLighting":true,"audioPlay":false,"sceneViewState":{"showFog":true,"showMaterialUpdate":false,"showSkybox":true,"showFlares":true,"showImageEffects":true,"showParticleSystems":true},"in2DMode":false,"pivot":{"x":3.9139404296875,"y":6.6287841796875,"z":51.8203125},"rotation":{"x":0.01199896540492773,"y":0.010499050840735436,"z":-0.0001259899145225063,"w":0.9998729228973389},"size":34.65877914428711,"orthographic":true}