{"cameraMode":{"drawMode":0,"name":"Shaded","section":"Shading Mode"},"sceneLighting":true,"audioPlay":false,"sceneViewState":{"showFog":true,"showMaterialUpdate":false,"showSkybox":true,"showFlares":true,"showImageEffects":true,"showParticleSystems":true},"in2DMode":false,"pivot":{"x":1.0529937744140626,"y":2.029712677001953,"z":1.3073043823242188},"rotation":{"x":0.20351587235927583,"y":-0.2984742522239685,"z":0.06530392169952393,"w":0.9301773309707642},"size":28.542598724365236,"orthographic":false}