{"cameraMode":{"drawMode":0,"name":"Shaded","section":"Shading Mode"},"sceneLighting":true,"audioPlay":false,"sceneViewState":{"showFog":true,"showMaterialUpdate":false,"showSkybox":true,"showFlares":true,"showImageEffects":true,"showParticleSystems":true},"in2DMode":false,"pivot":{"x":0.740149736404419,"y":-5.79149055480957,"z":-11.823460578918457},"rotation":{"x":-0.002341675339266658,"y":-0.9630917310714722,"z":0.26903289556503298,"w":-0.00838248711079359},"size":18.449039459228517,"orthographic":false}